Glaciaxion.SunsetRay.0.Record.EZ	1.0
Glaciaxion.SunsetRay.0.Record.HD	6.5
Glaciaxion.SunsetRay.0.Record.IN	12.6
EradicationCatastrophe.NceS.0.Record.EZ	3.5
EradicationCatastrophe.NceS.0.Record.HD	7.5
EradicationCatastrophe.NceS.0.Record.IN	12.7
Credits.Frums.0.Record.EZ	4.5
Credits.Frums.0.Record.HD	10.4
Credits.Frums.0.Record.IN	13.6
Credits.Frums.0.Record.AT	15.8
Dlyrotz.Likey.0.Record.EZ	4.0
Dlyrotz.Likey.0.Record.HD	9.1
Dlyrotz.Likey.0.Record.IN	13.7
EnginexStartmelodymix.CrossingSound.0.Record.EZ	2.5
EnginexStartmelodymix.CrossingSound.0.Record.HD	8.3
EnginexStartmelodymix.CrossingSound.0.Record.IN	13.2
光.姜米條.0.Record.EZ	2.0
光.姜米條.0.Record.HD	7.5
光.姜米條.0.Record.IN	12.4
Wintercube.CtymaxfeatNceS.0.Record.EZ	3.5
Wintercube.CtymaxfeatNceS.0.Record.HD	8.2
Wintercube.CtymaxfeatNceS.0.Record.IN	13.3
Cipher20.TetrajectoryfeatCtymax.0.Record.EZ	5.0
Cipher20.TetrajectoryfeatCtymax.0.Record.HD	10.3
Cipher20.TetrajectoryfeatCtymax.0.Record.IN	14.4
混乱Confusion.OnlyMyBlackScore.0.Record.EZ	4.0
混乱Confusion.OnlyMyBlackScore.0.Record.HD	10.0
混乱Confusion.OnlyMyBlackScore.0.Record.IN	14.8
FULiAUTOSHOOTER.MYUKKE.0.Record.EZ	3.0
FULiAUTOSHOOTER.MYUKKE.0.Record.HD	9.0
FULiAUTOSHOOTER.MYUKKE.0.Record.IN	14.9
HumaN.SOTUI.0.Record.EZ	3.0
HumaN.SOTUI.0.Record.HD	8.0
HumaN.SOTUI.0.Record.IN	12.9
PRAW.Bluewind.0.Record.EZ	6.0
PRAW.Bluewind.0.Record.HD	10.6
PRAW.Bluewind.0.Record.IN	15.1
PixelRebelz.Normal1zer.0.Record.EZ	4.5
PixelRebelz.Normal1zer.0.Record.HD	9.7
PixelRebelz.Normal1zer.0.Record.IN	15.3
Cereris.SunsetRayNceS.0.Record.EZ	5.5
Cereris.SunsetRayNceS.0.Record.HD	10.9
Cereris.SunsetRayNceS.0.Record.IN	14.7
NonMelodicRagezMUGEdit.Normal1zer.0.Record.EZ	5.5
NonMelodicRagezMUGEdit.Normal1zer.0.Record.HD	11.6
NonMelodicRagezMUGEdit.Normal1zer.0.Record.IN	16.1
SultanRage.MonstDeath.0.Record.EZ	4.0
SultanRage.MonstDeath.0.Record.HD	7.0
SultanRage.MonstDeath.0.Record.IN	12.2
ClassMemories.AntistarfeatCtymax.0.Record.EZ	6.0
ClassMemories.AntistarfeatCtymax.0.Record.HD	10.8
ClassMemories.AntistarfeatCtymax.0.Record.IN	13.8
SURREALISM.Itsuki.0.Record.EZ	5.0
SURREALISM.Itsuki.0.Record.HD	9.4
SURREALISM.Itsuki.0.Record.IN	13.4
BonusTime.MegaloPaleWhite.0.Record.EZ	3.5
BonusTime.MegaloPaleWhite.0.Record.HD	9.3
BonusTime.MegaloPaleWhite.0.Record.IN	13.8
ENERGYSYNERGYMATRIX.Tanchiky.0.Record.EZ	5.5
ENERGYSYNERGYMATRIX.Tanchiky.0.Record.HD	11.5
ENERGYSYNERGYMATRIX.Tanchiky.0.Record.IN	14.4
NYA.FLuoRiTe姜米條.0.Record.EZ	2.0
NYA.FLuoRiTe姜米條.0.Record.HD	8.6
NYA.FLuoRiTe姜米條.0.Record.IN	13.1
JunXionBetweenLifeAndDeathVIPMix.1N6Fs.0.Record.EZ	3.0
JunXionBetweenLifeAndDeathVIPMix.1N6Fs.0.Record.HD	8.7
JunXionBetweenLifeAndDeathVIPMix.1N6Fs.0.Record.IN	13.4
cryout.JuE.0.Record.EZ	3.5
cryout.JuE.0.Record.HD	9.9
cryout.JuE.0.Record.IN	13.6
Reimei.影虎.0.Record.EZ	6.5
Reimei.影虎.0.Record.HD	11.7
Reimei.影虎.0.Record.IN	15.1
尊師TheGuru.rider.0.Record.EZ	6.0
尊師TheGuru.rider.0.Record.HD	11.6
尊師TheGuru.rider.0.Record.IN	15.4
Spasmodic.姜米條颶風元力上人.0.Record.EZ	8.2
Spasmodic.姜米條颶風元力上人.0.Record.HD	12.9
Spasmodic.姜米條颶風元力上人.0.Record.IN	15.5
Spasmodic.姜米條颶風元力上人.0.Record.AT	16.7
LeaveAllBehind.rider.0.Record.EZ	3.0
LeaveAllBehind.rider.0.Record.HD	8.9
LeaveAllBehind.rider.0.Record.IN	12.7
LeaveAllBehind.rider.0.Record.AT	15.0
ColorfulDays.P4koofeatつゆり花鈴.0.Record.EZ	5.0
ColorfulDays.P4koofeatつゆり花鈴.0.Record.HD	7.0
ColorfulDays.P4koofeatつゆり花鈴.0.Record.IN	12.6
microwav.dandeless.0.Record.EZ	6.0
microwav.dandeless.0.Record.HD	10.5
microwav.dandeless.0.Record.IN	14.7
重生.姜米條.0.Record.EZ	4.5
重生.姜米條.0.Record.HD	8.8
重生.姜米條.0.Record.IN	14.3
NOONEYESMAN.MYUKKE.0.Record.EZ	7.0
NOONEYESMAN.MYUKKE.0.Record.HD	10.9
NOONEYESMAN.MYUKKE.0.Record.IN	15.5
望影の方舟Six.SeURa.0.Record.EZ	6.5
望影の方舟Six.SeURa.0.Record.HD	11.9
望影の方舟Six.SeURa.0.Record.IN	15.9
Igallta.SeURa.0.Record.EZ	7.5
Igallta.SeURa.0.Record.HD	12.2
Igallta.SeURa.0.Record.IN	16.1
Igallta.SeURa.0.Record.AT	17.4
ClockParadox.WyvernP.0.Record.EZ	2.0
ClockParadox.WyvernP.0.Record.HD	6.0
ClockParadox.WyvernP.0.Record.IN	12.5
Chronologika.Hundotte.0.Record.EZ	3.5
Chronologika.Hundotte.0.Record.HD	9.8
Chronologika.Hundotte.0.Record.IN	13.9
NickofTime.P4koo.0.Record.EZ	6.0
NickofTime.P4koo.0.Record.HD	9.3
NickofTime.P4koo.0.Record.IN	14.7
Chronomia.Lime.0.Record.EZ	4.5
Chronomia.Lime.0.Record.HD	11.1
Chronomia.Lime.0.Record.IN	15.4
ChronosCollapseLaCampanella.SunsetRay.0.Record.EZ	4.5
ChronosCollapseLaCampanella.SunsetRay.0.Record.HD	12.5
ChronosCollapseLaCampanella.SunsetRay.0.Record.IN	16.3
Rrharil.TeamGrimoire.0.Record.EZ	7.0
Rrharil.TeamGrimoire.0.Record.HD	12.7
Rrharil.TeamGrimoire.0.Record.IN	16.1
Rrharil.TeamGrimoire.0.Record.AT	17.6
CraveWave.LandRoot.0.Record.EZ	2.5
CraveWave.LandRoot.0.Record.HD	8.0
CraveWave.LandRoot.0.Record.IN	13.7
TheChariotREVIIVAL.Attoclef.0.Record.EZ	5.0
TheChariotREVIIVAL.Attoclef.0.Record.HD	9.0
TheChariotREVIIVAL.Attoclef.0.Record.IN	14.0
Luminescence.米虾Fomiki初云CLoudie.0.Record.EZ	5.5
Luminescence.米虾Fomiki初云CLoudie.0.Record.HD	11.0
Luminescence.米虾Fomiki初云CLoudie.0.Record.IN	14.5
Retribution.nmyKryexe.0.Record.EZ	6.0
Retribution.nmyKryexe.0.Record.HD	11.6
Retribution.nmyKryexe.0.Record.IN	16.2
DESTRUCTION321.Normal1zervsBrokenNerdz.0.Record.EZ	8.5
DESTRUCTION321.Normal1zervsBrokenNerdz.0.Record.HD	13.1
DESTRUCTION321.Normal1zervsBrokenNerdz.0.Record.IN	16.3
DESTRUCTION321.Normal1zervsBrokenNerdz.0.Record.AT	17.3
DistortedFate.Sakuzyo.0.Record.EZ	8.1
DistortedFate.Sakuzyo.0.Record.HD	13.5
DistortedFate.Sakuzyo.0.Record.IN	16.3
DistortedFate.Sakuzyo.0.Record.AT	17.4
AboutTheUniverse.SOTUIMIssionary.0.Record.EZ	4.5
AboutTheUniverse.SOTUIMIssionary.0.Record.HD	9.7
AboutTheUniverse.SOTUIMIssionary.0.Record.IN	14.4
Implexrough.Silentroommommy.0.Record.EZ	5.5
Implexrough.Silentroommommy.0.Record.HD	10.2
Implexrough.Silentroommommy.0.Record.IN	15.3
Evanescent.LeaF.0.Record.EZ	6.5
Evanescent.LeaF.0.Record.HD	12.6
Evanescent.LeaF.0.Record.IN	15.7
EntrancetotheChaos.打打だいずvssiromaru.0.Record.EZ	8.8
EntrancetotheChaos.打打だいずvssiromaru.0.Record.HD	13.7
EntrancetotheChaos.打打だいずvssiromaru.0.Record.IN	16.8
EntrancetotheChaos.打打だいずvssiromaru.0.Record.AT	17.6
ExoplanetaryMirage.かめりあ.0.Record.EZ	8.7
ExoplanetaryMirage.かめりあ.0.Record.HD	13.4
ExoplanetaryMirage.かめりあ.0.Record.IN	16.8
ExoplanetaryMirage.かめりあ.0.Record.AT	17.9
TrueHomeTrueWorldRework.816ThreeNumbers.0.Record.EZ	5.0
TrueHomeTrueWorldRework.816ThreeNumbers.0.Record.HD	11.9
TrueHomeTrueWorldRework.816ThreeNumbers.0.Record.IN	15.8
Ametrine.GRYSCLMIssionary.0.Record.EZ	6.0
Ametrine.GRYSCLMIssionary.0.Record.HD	12.2
Ametrine.GRYSCLMIssionary.0.Record.IN	15.0
Ametrine.GRYSCLMIssionary.0.Record.AT	16.2
Petrichor.voidMournfinale.0.Record.EZ	7.5
Petrichor.voidMournfinale.0.Record.HD	13.8
Petrichor.voidMournfinale.0.Record.IN	16.5
Petrichor.voidMournfinale.0.Record.AT	17.5
ハテ.rNFrums.0.Record.EZ	9.0
ハテ.rNFrums.0.Record.HD	13.9
ハテ.rNFrums.0.Record.IN	16.7
ハテ.rNFrums.0.Record.AT	17.9
DesultorySignals.technoplanet.0.Record.EZ	10.0
DesultorySignals.technoplanet.0.Record.HD	14.0
DesultorySignals.technoplanet.0.Record.IN	17.0
DesultorySignals.technoplanet.0.Record.AT	18.0
Message.くるぶっこちゃん.0.Record.EZ	3.0
Message.くるぶっこちゃん.0.Record.HD	13.2
Message.くるぶっこちゃん.0.Record.IN	15.6
Message.くるぶっこちゃん.0.Record.AT	16.5
WhatdoyouwantmorethanaHappyending.Apo11oHALOprogramft安月名莉子大瀬良あい.0.Record.EZ	0.5
WhatdoyouwantmorethanaHappyending.Apo11oHALOprogramft安月名莉子大瀬良あい.0.Record.HD	11.5
WhatdoyouwantmorethanaHappyending.Apo11oHALOprogramft安月名莉子大瀬良あい.0.Record.IN	16.1
WhatdoyouwantmorethanaHappyending.Apo11oHALOprogramft安月名莉子大瀬良あい.0.Record.AT	17.1
Doppelganger.LeaF.0.Record.EZ	5.0
Doppelganger.LeaF.0.Record.HD	9.0
Doppelganger.LeaF.0.Record.IN	15.1
もぺもぺ.LeaF.0.Record.EZ	2.0
もぺもぺ.LeaF.0.Record.HD	6.5
もぺもぺ.LeaF.0.Record.IN	11.1
もぺもぺ.LeaF.0.Record.AT	15.4
MARENOL.LeaF.0.Record.EZ	2.0
MARENOL.LeaF.0.Record.HD	10.3
MARENOL.LeaF.0.Record.IN	13.9
萤火虫の怨.闫东炜.0.Record.EZ	4.0
萤火虫の怨.闫东炜.0.Record.HD	9.8
萤火虫の怨.闫东炜.0.Record.IN	13.1
万吨匿名信.闫东炜.0.Record.EZ	4.5
万吨匿名信.闫东炜.0.Record.HD	9.5
万吨匿名信.闫东炜.0.Record.IN	13.0
风屿.闫东炜.0.Record.EZ	5.5
风屿.闫东炜.0.Record.HD	9.8
风屿.闫东炜.0.Record.IN	14.0
风屿.闫东炜.0.Record.AT	15.1
dBdoll.YUESTEVENuen.0.Record.EZ	1.5
dBdoll.YUESTEVENuen.0.Record.HD	3.5
dBdoll.YUESTEVENuen.0.Record.IN	8.3
dBdoll.YUESTEVENuen.0.Record.AT	13.4
Dash.小红Akane李祥辉.0.Record.EZ	2.5
Dash.小红Akane李祥辉.0.Record.HD	5.5
Dash.小红Akane李祥辉.0.Record.IN	9.7
云女孩.符白牙SiYFics.0.Record.EZ	2.0
云女孩.符白牙SiYFics.0.Record.HD	8.9
云女孩.符白牙SiYFics.0.Record.IN	12.8
DropIt.Asuka.0.Record.EZ	4.0
DropIt.Asuka.0.Record.HD	9.2
DropIt.Asuka.0.Record.IN	14.2
RIPPER.Friedwav.0.Record.EZ	6.5
RIPPER.Friedwav.0.Record.HD	11.7
RIPPER.Friedwav.0.Record.IN	15.4
Aphasia.闫东炜.0.Record.EZ	4.0
Aphasia.闫东炜.0.Record.HD	8.8
Aphasia.闫东炜.0.Record.IN	13.3
开心病.闫东炜.0.Record.EZ	7.0
开心病.闫东炜.0.Record.HD	11.9
开心病.闫东炜.0.Record.IN	13.8
華灯爱.闫东炜.0.Record.EZ	6.0
華灯爱.闫东炜.0.Record.HD	10.6
華灯爱.闫东炜.0.Record.IN	13.7
FindMe.Kforest.0.Record.EZ	5.5
FindMe.Kforest.0.Record.HD	10.5
FindMe.Kforest.0.Record.IN	14.3
Sein.朔Apo11oprogramvsお月さま交響曲ftkuroa荒巻.0.Record.EZ	5.0
Sein.朔Apo11oprogramvsお月さま交響曲ftkuroa荒巻.0.Record.HD	10.1
Sein.朔Apo11oprogramvsお月さま交響曲ftkuroa荒巻.0.Record.IN	15.1
狂喜蘭舞.LeaF.0.Record.EZ	7.0
狂喜蘭舞.LeaF.0.Record.HD	11.7
狂喜蘭舞.LeaF.0.Record.IN	14.3
狂喜蘭舞.LeaF.0.Record.AT	16.4
SparkleNewLife.rider.0.Record.EZ	4.0
SparkleNewLife.rider.0.Record.HD	9.2
SparkleNewLife.rider.0.Record.IN	12.8
KhronostasisKatharsis.Halv.0.Record.EZ	6.0
KhronostasisKatharsis.Halv.0.Record.HD	11.8
KhronostasisKatharsis.Halv.0.Record.IN	14.0
SnowDesert.WyvernP.0.Record.EZ	5.0
SnowDesert.WyvernP.0.Record.HD	10.3
SnowDesert.WyvernP.0.Record.IN	13.4
Burn.NceS.0.Record.EZ	7.0
Burn.NceS.0.Record.HD	11.2
Burn.NceS.0.Record.IN	15.2
Aleph0.LeaF.0.Record.EZ	3.5
Aleph0.LeaF.0.Record.HD	12.2
Aleph0.LeaF.0.Record.IN	16.0
NextTime.SaMZIng.0.Record.EZ	6.0
NextTime.SaMZIng.0.Record.HD	8.7
NextTime.SaMZIng.0.Record.IN	12.4
RubbishSorting.CtymaxvsNceS.0.Record.EZ	3.5
RubbishSorting.CtymaxvsNceS.0.Record.HD	9.4
RubbishSorting.CtymaxvsNceS.0.Record.IN	13.1
AnotherMe.NeutralMoon.0.Record.EZ	5.5
AnotherMe.NeutralMoon.0.Record.HD	9.3
AnotherMe.NeutralMoon.0.Record.IN	13.6
mechanted.rareguy.0.Record.EZ	3.0
mechanted.rareguy.0.Record.HD	11.3
mechanted.rareguy.0.Record.IN	14.9
lifeflashesbeforeweebeyes.BilliumMoto.0.Record.EZ	6.5
lifeflashesbeforeweebeyes.BilliumMoto.0.Record.HD	11.9
lifeflashesbeforeweebeyes.BilliumMoto.0.Record.IN	14.9
BreakThroughTheBarrier.lixound.0.Record.EZ	5.5
BreakThroughTheBarrier.lixound.0.Record.HD	9.5
BreakThroughTheBarrier.lixound.0.Record.IN	14.5
Chronostasis.黒皇帝.0.Record.EZ	6.0
Chronostasis.黒皇帝.0.Record.HD	10.7
Chronostasis.黒皇帝.0.Record.IN	16.0
DeadSoul.SoundSouler.0.Record.EZ	4.5
DeadSoul.SoundSouler.0.Record.HD	12.3
DeadSoul.SoundSouler.0.Record.IN	14.4
InfinityHeaven.HyuN.0.Record.EZ	3.0
InfinityHeaven.HyuN.0.Record.HD	8.4
InfinityHeaven.HyuN.0.Record.IN	13.9
Disorder.HyuNfeatYURI.0.Record.EZ	6.0
Disorder.HyuNfeatYURI.0.Record.HD	10.3
Disorder.HyuNfeatYURI.0.Record.IN	14.8
CROSSSOUL.HyuNfeatSyepias.0.Record.EZ	7.5
CROSSSOUL.HyuNfeatSyepias.0.Record.HD	12.6
CROSSSOUL.HyuNfeatSyepias.0.Record.IN	16.4
SpeedUp.DarTokki.0.Record.EZ	4.5
SpeedUp.DarTokki.0.Record.HD	10.3
SpeedUp.DarTokki.0.Record.IN	14.0
MagentaPotion.EmoCo.0.Record.EZ	6.5
MagentaPotion.EmoCo.0.Record.HD	11.3
MagentaPotion.EmoCo.0.Record.IN	14.4
GetBack.CAP3.0.Record.EZ	6.5
GetBack.CAP3.0.Record.HD	10.7
GetBack.CAP3.0.Record.IN	14.1
Palescreen.WyvernPfeatMadol.0.Record.EZ	5.5
Palescreen.WyvernPfeatMadol.0.Record.HD	12.3
Palescreen.WyvernPfeatMadol.0.Record.IN	15.9
GOODTEK.EBIMAYO.0.Record.EZ	5.0
GOODTEK.EBIMAYO.0.Record.HD	10.0
GOODTEK.EBIMAYO.0.Record.IN	14.3
GOODBOUNCE.EBIMAYO.0.Record.EZ	7.5
GOODBOUNCE.EBIMAYO.0.Record.HD	11.9
GOODBOUNCE.EBIMAYO.0.Record.IN	14.5
GOODWORLD.EBIMAYO.0.Record.EZ	3.0
GOODWORLD.EBIMAYO.0.Record.HD	11.4
GOODWORLD.EBIMAYO.0.Record.IN	14.9
GOODFORTUNE.EBIMAYO.0.Record.EZ	7.5
GOODFORTUNE.EBIMAYO.0.Record.HD	8.7
GOODFORTUNE.EBIMAYO.0.Record.IN	15.7
GOODRAGE.EBIMAYO.0.Record.EZ	5.0
GOODRAGE.EBIMAYO.0.Record.HD	8.5
GOODRAGE.EBIMAYO.0.Record.IN	16.0
TheMountainEater.PaulBazooka.0.Record.EZ	5.5
TheMountainEater.PaulBazooka.0.Record.HD	9.6
TheMountainEater.PaulBazooka.0.Record.IN	14.8
Orthodox.tokiwa.0.Record.EZ	4.5
Orthodox.tokiwa.0.Record.HD	8.5
Orthodox.tokiwa.0.Record.IN	13.7
EndMe.ZxNXasDelaina.0.Record.EZ	5.5
EndMe.ZxNXasDelaina.0.Record.HD	7.5
EndMe.ZxNXasDelaina.0.Record.IN	14.2
ParallelRetrogressionGameVer.Tetrajectory.0.Record.EZ	7.0
ParallelRetrogressionGameVer.Tetrajectory.0.Record.HD	10.9
ParallelRetrogressionGameVer.Tetrajectory.0.Record.IN	14.2
Starduster.Quree.0.Record.EZ	5.5
Starduster.Quree.0.Record.HD	11.4
Starduster.Quree.0.Record.IN	15.2
Electron.ElousFZ.0.Record.EZ	3.5
Electron.ElousFZ.0.Record.HD	9.4
Electron.ElousFZ.0.Record.IN	13.2
SIGMA.Kryexe.0.Record.EZ	5.0
SIGMA.Kryexe.0.Record.HD	10.5
SIGMA.Kryexe.0.Record.IN	15.8
HardcoreKwaya.EnFr.0.Record.EZ	4.5
HardcoreKwaya.EnFr.0.Record.HD	8.4
HardcoreKwaya.EnFr.0.Record.IN	14.6
Aventyr.GrandThawRigelTheatre.0.Record.EZ	3.5
Aventyr.GrandThawRigelTheatre.0.Record.HD	9.9
Aventyr.GrandThawRigelTheatre.0.Record.IN	13.7
Trane.MALVA.0.Record.EZ	1.5
Trane.MALVA.0.Record.HD	7.0
Trane.MALVA.0.Record.IN	14.2
雪降りメリクリ.A39.0.Record.EZ	4.5
雪降りメリクリ.A39.0.Record.HD	10.8
雪降りメリクリ.A39.0.Record.IN	15.4
CervelleConnexion.SCTL.0.Record.EZ	5.0
CervelleConnexion.SCTL.0.Record.HD	11.3
CervelleConnexion.SCTL.0.Record.IN	14.5
modulus.PTB10.0.Record.EZ	4.5
modulus.PTB10.0.Record.HD	10.4
modulus.PTB10.0.Record.IN	14.9
Wavetapper.Frums.0.Record.EZ	6.0
Wavetapper.Frums.0.Record.HD	9.4
Wavetapper.Frums.0.Record.IN	13.9
大和撫子WildDances.adapatorvsDRIVE.0.Record.EZ	5.5
大和撫子WildDances.adapatorvsDRIVE.0.Record.HD	11.8
大和撫子WildDances.adapatorvsDRIVE.0.Record.IN	15.1
Eltaw.Fl00t.0.Record.EZ	7.0
Eltaw.Fl00t.0.Record.HD	10.6
Eltaw.Fl00t.0.Record.IN	14.8
Initialize.iF.0.Record.EZ	2.5
Initialize.iF.0.Record.HD	7.0
Initialize.iF.0.Record.IN	11.6
桜樹街道.kozatosnow.0.Record.EZ	3.5
桜樹街道.kozatosnow.0.Record.HD	8.1
桜樹街道.kozatosnow.0.Record.IN	13.0
GetReady.iF.0.Record.EZ	6.0
GetReady.iF.0.Record.HD	10.7
GetReady.iF.0.Record.IN	13.8
volcanic.DETROakaルゼ.0.Record.EZ	7.5
volcanic.DETROakaルゼ.0.Record.HD	12.1
volcanic.DETROakaルゼ.0.Record.IN	14.7
volcanic.DETROakaルゼ.0.Record.AT	16.6
BetterGraphicAnimation.ルゼ.0.Record.EZ	6.0
BetterGraphicAnimation.ルゼ.0.Record.HD	11.1
BetterGraphicAnimation.ルゼ.0.Record.IN	15.3
XING.ginkiha.0.Record.EZ	5.5
XING.ginkiha.0.Record.HD	10.8
XING.ginkiha.0.Record.IN	14.0
FinalStep.Lime.0.Record.EZ	5.5
FinalStep.Lime.0.Record.HD	11.0
FinalStep.Lime.0.Record.IN	14.1
Cthugha.USAO.0.Record.EZ	6.0
Cthugha.USAO.0.Record.HD	10.4
Cthugha.USAO.0.Record.IN	16.0
Cthugha.USAO.0.Record.AT	16.1
WithYou.Cashew.0.Record.EZ	3.5
WithYou.Cashew.0.Record.HD	9.1
WithYou.Cashew.0.Record.IN	13.5
UnorthodoxThoughts.Joulez.0.Record.EZ	5.5
UnorthodoxThoughts.Joulez.0.Record.HD	12.0
UnorthodoxThoughts.Joulez.0.Record.IN	13.9
Apocalyptic.ZClaxxSumaiLight.0.Record.EZ	3.0
Apocalyptic.ZClaxxSumaiLight.0.Record.HD	10.4
Apocalyptic.ZClaxxSumaiLight.0.Record.IN	14.1
游园地.椒盐菠萝.0.Record.EZ	2.5
游园地.椒盐菠萝.0.Record.HD	7.5
游园地.椒盐菠萝.0.Record.IN	13.0
energytrixxx.KAH.0.Record.EZ	5.0
energytrixxx.KAH.0.Record.HD	10.4
energytrixxx.KAH.0.Record.IN	15.4
Nhelv.Silentroom.0.Record.EZ	1.5
Nhelv.Silentroom.0.Record.HD	12.0
Nhelv.Silentroom.0.Record.IN	15.6
Arkhei.SeraAmagi.0.Record.EZ	7.5
Arkhei.SeraAmagi.0.Record.HD	8.8
Arkhei.SeraAmagi.0.Record.IN	12.6
Kerberos.Zris.0.Record.EZ	5.5
Kerberos.Zris.0.Record.HD	12.4
Kerberos.Zris.0.Record.IN	15.8
parsey.siqlo.0.Record.EZ	4.0
parsey.siqlo.0.Record.HD	11.7
parsey.siqlo.0.Record.IN	14.6
Concvssion.Halv.0.Record.EZ	6.0
Concvssion.Halv.0.Record.HD	11.3
Concvssion.Halv.0.Record.IN	15.6
ジングルベルJingleBell.A39沙包P.0.Record.EZ	4.5
ジングルベルJingleBell.A39沙包P.0.Record.HD	8.5
ジングルベルJingleBell.A39沙包P.0.Record.IN	14.5
TimetoNightSkyfeatLeeYuJin.HyuNKLYDIX.0.Record.EZ	3.0
TimetoNightSkyfeatLeeYuJin.HyuNKLYDIX.0.Record.HD	10.1
TimetoNightSkyfeatLeeYuJin.HyuNKLYDIX.0.Record.IN	13.6
HAZARD.Limpid.0.Record.EZ	4.5
HAZARD.Limpid.0.Record.HD	11.0
HAZARD.Limpid.0.Record.IN	14.8
AnotherMe.DAAN.0.Record.EZ	5.0
AnotherMe.DAAN.0.Record.HD	9.8
AnotherMe.DAAN.0.Record.IN	15.6
DontNeverAround.HAMA.0.Record.EZ	5.0
DontNeverAround.HAMA.0.Record.HD	11.3
DontNeverAround.HAMA.0.Record.IN	15.5
RESSiSTANCE.ぐるたみん.0.Record.EZ	6.5
RESSiSTANCE.ぐるたみん.0.Record.HD	11.2
RESSiSTANCE.ぐるたみん.0.Record.IN	16.1
Dreamland.z1onkyrrin.0.Record.EZ	7.0
Dreamland.z1onkyrrin.0.Record.HD	10.3
Dreamland.z1onkyrrin.0.Record.IN	13.6
AnotherRound.JustinDai.0.Record.EZ	2.5
AnotherRound.JustinDai.0.Record.HD	9.6
AnotherRound.JustinDai.0.Record.IN	13.3
996.李化禹.0.Record.EZ	4.0
996.李化禹.0.Record.HD	9.4
996.李化禹.0.Record.IN	14.7
FutureMind.RayNauticaRekuMochizuki.0.Record.EZ	4.5
FutureMind.RayNauticaRekuMochizuki.0.Record.HD	11.0
FutureMind.RayNauticaRekuMochizuki.0.Record.IN	14.2
Luminescent.Daison.0.Record.EZ	5.5
Luminescent.Daison.0.Record.HD	10.5
Luminescent.Daison.0.Record.IN	14.4
FULiAUTOBUSTER.MYUKKE.0.Record.EZ	3.5
FULiAUTOBUSTER.MYUKKE.0.Record.HD	9.7
FULiAUTOBUSTER.MYUKKE.0.Record.IN	14.6
IMustSayNo.TangJuan.0.Record.EZ	1.5
IMustSayNo.TangJuan.0.Record.HD	9.2
IMustSayNo.TangJuan.0.Record.IN	13.5
opia.rN.0.Record.EZ	5.5
opia.rN.0.Record.HD	10.6
opia.rN.0.Record.IN	15.6
Apocalypse.アリスシャッハと魔法の楽団.0.Record.EZ	4.0
Apocalypse.アリスシャッハと魔法の楽団.0.Record.HD	8.6
Apocalypse.アリスシャッハと魔法の楽団.0.Record.IN	13.5
Protoflicker.Silentroom.0.Record.EZ	3.5
Protoflicker.Silentroom.0.Record.HD	9.7
Protoflicker.Silentroom.0.Record.IN	15.4
HorizonBlue.NothingButRequiemfeatAikapinChiyoko.0.Record.EZ	6.5
HorizonBlue.NothingButRequiemfeatAikapinChiyoko.0.Record.HD	11.6
HorizonBlue.NothingButRequiemfeatAikapinChiyoko.0.Record.IN	15.7
YouaretheMiserable.tpazolite.0.Record.EZ	6.0
YouaretheMiserable.tpazolite.0.Record.HD	11.7
YouaretheMiserable.tpazolite.0.Record.IN	14.1
YouaretheMiserable.tpazolite.0.Record.AT	15.8
Stasis.Maozon.0.Record.EZ	5.0
Stasis.Maozon.0.Record.HD	10.1
Stasis.Maozon.0.Record.IN	15.3
Stasis.Maozon.0.Record.AT	16.7
いざ参ります.Uskefeat棗いつき.0.Record.EZ	3.5
いざ参ります.Uskefeat棗いつき.0.Record.HD	9.2
いざ参ります.Uskefeat棗いつき.0.Record.IN	15.0
月下缭乱.月見静華vsLUNARiUM.0.Record.EZ	4.5
月下缭乱.月見静華vsLUNARiUM.0.Record.HD	9.4
月下缭乱.月見静華vsLUNARiUM.0.Record.IN	14.9
OnAndOn.ETIAfeatJenga.0.Record.EZ	5.0
OnAndOn.ETIAfeatJenga.0.Record.HD	9.6
OnAndOn.ETIAfeatJenga.0.Record.IN	15.2
DataErr0r.Cosmograph.0.Record.EZ	6.0
DataErr0r.Cosmograph.0.Record.HD	11.8
DataErr0r.Cosmograph.0.Record.IN	14.5
Shadow.SumaiLightvs姜米條.0.Record.EZ	6.5
Shadow.SumaiLightvs姜米條.0.Record.HD	10.5
Shadow.SumaiLightvs姜米條.0.Record.IN	14.6
Shadow.SumaiLightvs姜米條.0.Record.AT	16.2
心之所向.姜米條.0.Record.EZ	4.0
心之所向.姜米條.0.Record.HD	8.2
心之所向.姜米條.0.Record.IN	13.8
inferior.姜米條.0.Record.EZ	7.0
inferior.姜米條.0.Record.HD	7.5
inferior.姜米條.0.Record.IN	14.6
csqn.Aoi.0.Record.EZ	5.0
csqn.Aoi.0.Record.HD	12.2
csqn.Aoi.0.Record.IN	15.9
BraveNotes.TurquoiseDRIVENota.0.Record.EZ	5.5
BraveNotes.TurquoiseDRIVENota.0.Record.HD	11.4
BraveNotes.TurquoiseDRIVENota.0.Record.IN	14.6
盏茗.茶鸣拾贰律.0.Record.EZ	1.5
盏茗.茶鸣拾贰律.0.Record.HD	4.5
盏茗.茶鸣拾贰律.0.Record.IN	13.4
青芽.茶鸣拾贰律.0.Record.EZ	5.0
青芽.茶鸣拾贰律.0.Record.HD	10.4
青芽.茶鸣拾贰律.0.Record.IN	15.2
EternalSnow.AbyssIdols.0.Record.EZ	4.0
EternalSnow.AbyssIdols.0.Record.HD	9.6
EternalSnow.AbyssIdols.0.Record.IN	13.5
RainySeason.AbyssIdols.0.Record.EZ	5.5
RainySeason.AbyssIdols.0.Record.HD	10.7
RainySeason.AbyssIdols.0.Record.IN	14.2
ElCondorPasaPhigrosEdit.PlasticFruits.0.Record.EZ	6.5
ElCondorPasaPhigrosEdit.PlasticFruits.0.Record.HD	12.5
ElCondorPasaPhigrosEdit.PlasticFruits.0.Record.IN	15.6
BreakOver.Kforest.0.Record.EZ	5.0
BreakOver.Kforest.0.Record.HD	11.5
BreakOver.Kforest.0.Record.IN	14.1
BreakOver.Kforest.0.Record.AT	14.9
BelieveLightfeat果丸哒呦.ScalerMestie果丸哒呦.0.Record.EZ	2.5
BelieveLightfeat果丸哒呦.ScalerMestie果丸哒呦.0.Record.HD	8.9
BelieveLightfeat果丸哒呦.ScalerMestie果丸哒呦.0.Record.IN	14.6
Pontdessouvenirs.VeetaCrushvsitsufeatitsu.0.Record.EZ	5.5
Pontdessouvenirs.VeetaCrushvsitsufeatitsu.0.Record.HD	10.7
Pontdessouvenirs.VeetaCrushvsitsufeatitsu.0.Record.IN	15.3
青丘.BLACK0.0.Record.EZ	5.5
青丘.BLACK0.0.Record.HD	10.5
青丘.BLACK0.0.Record.IN	15.5
瓷岁.茶鸣拾贰律.0.Record.EZ	2.0
瓷岁.茶鸣拾贰律.0.Record.HD	6.5
瓷岁.茶鸣拾贰律.0.Record.IN	7.0
Feast远东之宴.茶鸣拾贰律.0.Record.EZ	6.5
Feast远东之宴.茶鸣拾贰律.0.Record.HD	12.1
Feast远东之宴.茶鸣拾贰律.0.Record.IN	15.6
インフェルノシティ.Ponchifeatはぁち.0.Record.EZ	4.5
インフェルノシティ.Ponchifeatはぁち.0.Record.HD	11.5
インフェルノシティ.Ponchifeatはぁち.0.Record.IN	15.7
Upshift.Iriss-Frantzz.0.Record.EZ	6.0
Upshift.Iriss-Frantzz.0.Record.HD	10.8
Upshift.Iriss-Frantzz.0.Record.IN	15.5
PoisonANDORAffection.LeaF.0.Record.EZ	3.5
PoisonANDORAffection.LeaF.0.Record.HD	9.9
PoisonANDORAffection.LeaF.0.Record.IN	15.7
Random.SobremSilentroom.0.Record.EZ	5.5
Random.SobremSilentroom.0.Record.HD	12.2
Random.SobremSilentroom.0.Record.IN	14.7
零號車輛.seatrus.0.Record.EZ	7.5
零號車輛.seatrus.0.Record.HD	12.1
零號車輛.seatrus.0.Record.IN	16.2
NowIsTheTimeDoIt.RoyMikelate.0.Record.EZ	4.5
NowIsTheTimeDoIt.RoyMikelate.0.Record.HD	11.2
NowIsTheTimeDoIt.RoyMikelate.0.Record.IN	14.3
Bougainvillea.Jade.0.Record.EZ	4.0
Bougainvillea.Jade.0.Record.HD	8.3
Bougainvillea.Jade.0.Record.IN	13.2
神話.PicaM2U.0.Record.EZ	4.0
神話.PicaM2U.0.Record.HD	8.7
神話.PicaM2U.0.Record.IN	13.5
Elúltimobaile.Θ.0.Record.EZ	4.5
Elúltimobaile.Θ.0.Record.HD	9.5
Elúltimobaile.Θ.0.Record.IN	14.1
Trojan.litmus.0.Record.EZ	5.5
Trojan.litmus.0.Record.HD	10.8
Trojan.litmus.0.Record.IN	15.0
TemporalShifting.LureRabbitVC.0.Record.EZ	4.0
TemporalShifting.LureRabbitVC.0.Record.HD	11.5
TemporalShifting.LureRabbitVC.0.Record.IN	15.2
Adastraperaspera.RabbitHouse.0.Record.EZ	6.5
Adastraperaspera.RabbitHouse.0.Record.HD	12.1
Adastraperaspera.RabbitHouse.0.Record.IN	16.3
Ajourneytothemoonlight.Yesod.0.Record.EZ	4.5
Ajourneytothemoonlight.Yesod.0.Record.HD	10.7
Ajourneytothemoonlight.Yesod.0.Record.IN	14.5
RainyHeart.BelieverInYou阿卡姆巫师.0.Record.EZ	4.0
RainyHeart.BelieverInYou阿卡姆巫师.0.Record.HD	9.4
RainyHeart.BelieverInYou阿卡姆巫师.0.Record.IN	12.9
Realms.HinkikAHimitsu.0.Record.EZ	3.5
Realms.HinkikAHimitsu.0.Record.HD	10.2
Realms.HinkikAHimitsu.0.Record.IN	13.8
ぱぴぷぴぷぴぱ.ころねぽちWith立秋.0.Record.EZ	5.0
ぱぴぷぴぷぴぱ.ころねぽちWith立秋.0.Record.HD	12.3
ぱぴぷぴぷぴぱ.ころねぽちWith立秋.0.Record.IN	15.9
TriumphRegret.typeMARS.0.Record.EZ	5.0
TriumphRegret.typeMARS.0.Record.HD	10.3
TriumphRegret.typeMARS.0.Record.IN	15.0
SATELLITE.かめりあ.0.Record.EZ	5.0
SATELLITE.かめりあ.0.Record.HD	9.9
SATELLITE.かめりあ.0.Record.IN	14.3
SATELLITE.かめりあ.0.Record.AT	16.2
DancewithSilence.かめりあ.0.Record.EZ	7.0
DancewithSilence.かめりあ.0.Record.HD	10.9
DancewithSilence.かめりあ.0.Record.IN	15.2
LabyrinthinKowloonWalledWorld.かめりあ.0.Record.EZ	6.0
LabyrinthinKowloonWalledWorld.かめりあ.0.Record.HD	11.4
LabyrinthinKowloonWalledWorld.かめりあ.0.Record.IN	15.6
ComputeItWithSomeDevilishAlcoholicSteampunkEngines.かめりあ.0.Record.EZ	5.5
ComputeItWithSomeDevilishAlcoholicSteampunkEngines.かめりあ.0.Record.HD	10.6
ComputeItWithSomeDevilishAlcoholicSteampunkEngines.かめりあ.0.Record.IN	15.7
ERABYECONNEC10N.かめりあ.0.Record.EZ	5.5
ERABYECONNEC10N.かめりあ.0.Record.HD	11.6
ERABYECONNEC10N.かめりあ.0.Record.IN	16.3
ERABYECONNEC10N.かめりあ.0.Record.AT	17.3
DiamondEyes.SYNTHETIC.0.Record.EZ	3.5
DiamondEyes.SYNTHETIC.0.Record.HD	6.5
DiamondEyes.SYNTHETIC.0.Record.IN	13.4
Bitterblossom.imvi.0.Record.EZ	2.5
Bitterblossom.imvi.0.Record.HD	9.9
Bitterblossom.imvi.0.Record.IN	13.5
SilenceisGoldenSpeechisGolden.NIWASHI.0.Record.EZ	5.0
SilenceisGoldenSpeechisGolden.NIWASHI.0.Record.HD	9.3
SilenceisGoldenSpeechisGolden.NIWASHI.0.Record.IN	15.7
FracturedAngel.DJRaisei.0.Record.EZ	4.0
FracturedAngel.DJRaisei.0.Record.HD	10.9
FracturedAngel.DJRaisei.0.Record.IN	16.3
JourneywithYou.Iris.0.Record.EZ	5.0
JourneywithYou.Iris.0.Record.HD	10.0
JourneywithYou.Iris.0.Record.IN	13.7
SecretIllumination.Yooh.0.Record.EZ	5.0
SecretIllumination.Yooh.0.Record.HD	10.2
SecretIllumination.Yooh.0.Record.IN	14.7
InvertedWorld.ARForest.0.Record.EZ	5.5
InvertedWorld.ARForest.0.Record.HD	11.2
InvertedWorld.ARForest.0.Record.IN	15.5
月詠に鳴る.Feryquitousfeat藍月なくる.0.Record.EZ	6.0
月詠に鳴る.Feryquitousfeat藍月なくる.0.Record.HD	11.4
月詠に鳴る.Feryquitousfeat藍月なくる.0.Record.IN	14.5
月詠に鳴る.Feryquitousfeat藍月なくる.0.Record.AT	15.7
TECHNOPOLIS2085.PRASTIKDANCEFLOOR.0.Record.EZ	5.0
TECHNOPOLIS2085.PRASTIKDANCEFLOOR.0.Record.HD	10.2
TECHNOPOLIS2085.PRASTIKDANCEFLOOR.0.Record.IN	14.1
TECHNOPOLIS2085.PRASTIKDANCEFLOOR.0.Record.AT	15.9
祈-我ら神祖と共に歩む者なり-.光吉猛修VS穴山大輔VSKaiVS水野健治VS大国奏音.0.Record.EZ	7.0
祈-我ら神祖と共に歩む者なり-.光吉猛修VS穴山大輔VSKaiVS水野健治VS大国奏音.0.Record.HD	13.2
祈-我ら神祖と共に歩む者なり-.光吉猛修VS穴山大輔VSKaiVS水野健治VS大国奏音.0.Record.IN	16.4
祈-我ら神祖と共に歩む者なり-.光吉猛修VS穴山大輔VSKaiVS水野健治VS大国奏音.0.Record.AT	17.3
bye.DingerBox.0.Record.EZ	4.0
bye.DingerBox.0.Record.HD	9.1
bye.DingerBox.0.Record.IN	14.8
聖夜讃歌.A39沙包P.0.Record.EZ	4.5
聖夜讃歌.A39沙包P.0.Record.HD	10.1
聖夜讃歌.A39沙包P.0.Record.IN	15.2
ストレイソウルアラウンド.みーに.0.Record.EZ	6.0
ストレイソウルアラウンド.みーに.0.Record.HD	9.8
ストレイソウルアラウンド.みーに.0.Record.IN	14.3
ManifoldHypothesis.cybermisofeattigerlily.0.Record.EZ	4.0
ManifoldHypothesis.cybermisofeattigerlily.0.Record.HD	9.1
ManifoldHypothesis.cybermisofeattigerlily.0.Record.IN	14.6
KMoeVIP.ZxNX.0.Record.EZ	3.0
KMoeVIP.ZxNX.0.Record.HD	8.4
KMoeVIP.ZxNX.0.Record.IN	15.9
GVNGlitterVomitusandNeon.SaltySaltUnfold33.0.Record.EZ	5.0
GVNGlitterVomitusandNeon.SaltySaltUnfold33.0.Record.HD	9.9
GVNGlitterVomitusandNeon.SaltySaltUnfold33.0.Record.IN	15.8
CrushBETA.shadow_bling.0.Record.EZ	4.0
CrushBETA.shadow_bling.0.Record.HD	10.5
CrushBETA.shadow_bling.0.Record.IN	15.1
BrokenSky.JungoMAX3feat刘佳宜Snow幻影刃shadow.0.Record.EZ	3.0
BrokenSky.JungoMAX3feat刘佳宜Snow幻影刃shadow.0.Record.HD	8.6
BrokenSky.JungoMAX3feat刘佳宜Snow幻影刃shadow.0.Record.IN	13.3
BRAINHACKER.SOMON.0.Record.EZ	4.5
BRAINHACKER.SOMON.0.Record.HD	9.3
BRAINHACKER.SOMON.0.Record.IN	14.8
Xenolith.Tatsh.0.Record.EZ	4.0
Xenolith.Tatsh.0.Record.HD	8.5
Xenolith.Tatsh.0.Record.IN	14.2
ArtificialExistence.JunKuroda.0.Record.EZ	3.5
ArtificialExistence.JunKuroda.0.Record.HD	9.4
ArtificialExistence.JunKuroda.0.Record.IN	14.7
IndelibleScar.Noah.0.Record.EZ	7.0
IndelibleScar.Noah.0.Record.HD	11.5
IndelibleScar.Noah.0.Record.IN	15.3
IndelibleScar.Noah.0.Record.AT	16.5
Antithese.Blacklolita.0.Record.EZ	4.5
Antithese.Blacklolita.0.Record.HD	10.8
Antithese.Blacklolita.0.Record.IN	15.4
Antithese.Blacklolita.0.Record.AT	16.4
PRAGMATISMRESURRECTION.Laur.0.Record.EZ	7.5
PRAGMATISMRESURRECTION.Laur.0.Record.HD	12.9
PRAGMATISMRESURRECTION.Laur.0.Record.IN	16.0
PRAGMATISMRESURRECTION.Laur.0.Record.AT	16.6
ShineAfter.ADeanJocularACE.0.Record.EZ	4.0
ShineAfter.ADeanJocularACE.0.Record.HD	9.7
ShineAfter.ADeanJocularACE.0.Record.IN	14.6
Bloom.targ麻团qwq.0.Record.EZ	3.5
Bloom.targ麻团qwq.0.Record.HD	11.2
Bloom.targ麻团qwq.0.Record.IN	14.9
幽世桔梗.Capchiifeatまるもこ.0.Record.EZ	4.5
幽世桔梗.Capchiifeatまるもこ.0.Record.HD	10.1
幽世桔梗.Capchiifeatまるもこ.0.Record.IN	14.8
千紫万紅.r0yvsWABI.0.Record.EZ	4.5
千紫万紅.r0yvsWABI.0.Record.HD	12.1
千紫万紅.r0yvsWABI.0.Record.IN	15.5
明鏡烈火.MUEvsRekuMochizuki.0.Record.EZ	6.0
明鏡烈火.MUEvsRekuMochizuki.0.Record.HD	11.1
明鏡烈火.MUEvsRekuMochizuki.0.Record.IN	15.9
今天不是明天.PIKASONICfeat兰音Reine.0.Record.EZ	2.5
今天不是明天.PIKASONICfeat兰音Reine.0.Record.HD	8.3
今天不是明天.PIKASONICfeat兰音Reine.0.Record.IN	13.4
Cuvism.Fl00tvsHalv.0.Record.EZ	3.0
Cuvism.Fl00tvsHalv.0.Record.HD	12.2
Cuvism.Fl00tvsHalv.0.Record.IN	13.9
Cuvism.Fl00tvsHalv.0.Record.AT	16.7
iLArtifact.Link0.0.Record.EZ	5.5
iLArtifact.Link0.0.Record.HD	10.5
iLArtifact.Link0.0.Record.IN	15.7
atruthseekerCommunicationwithUtopiawillbelost.kuro.0.Record.EZ	6.5
atruthseekerCommunicationwithUtopiawillbelost.kuro.0.Record.HD	12.4
atruthseekerCommunicationwithUtopiawillbelost.kuro.0.Record.IN	15.7
BoundedQuietude.FiniteLimitvsSiLiS.0.Record.EZ	7.0
BoundedQuietude.FiniteLimitvsSiLiS.0.Record.HD	7.5
BoundedQuietude.FiniteLimitvsSiLiS.0.Record.IN	16.2
君往何处QuoVadis.M2U.0.Record.EZ	4.0
君往何处QuoVadis.M2U.0.Record.HD	8.6
君往何处QuoVadis.M2U.0.Record.IN	14.1
暗夜苏醒REANIMATE.Warak.0.Record.EZ	5.0
暗夜苏醒REANIMATE.Warak.0.Record.HD	12.8
暗夜苏醒REANIMATE.Warak.0.Record.IN	15.3
Grimheart.Puru.0.Record.EZ	3.0
Grimheart.Puru.0.Record.HD	8.9
Grimheart.Puru.0.Record.IN	13.8
Thrashforce.KAHvsE0ri4.0.Record.EZ	4.5
Thrashforce.KAHvsE0ri4.0.Record.HD	10.7
Thrashforce.KAHvsE0ri4.0.Record.IN	15.3
Originally.SNKSMizku.0.Record.EZ	1.0
Originally.SNKSMizku.0.Record.HD	9.3
Originally.SNKSMizku.0.Record.IN	14.5
黄金之城GOLDTOWN.Memme.0.Record.EZ	2.0
黄金之城GOLDTOWN.Memme.0.Record.HD	10.2
黄金之城GOLDTOWN.Memme.0.Record.IN	14.7
双重间谍DoubleAgent.WAVAV.0.Record.EZ	4.5
双重间谍DoubleAgent.WAVAV.0.Record.HD	11.8
双重间谍DoubleAgent.WAVAV.0.Record.IN	15.7
幻影鬼魅PLEASE.R300K.0.Record.EZ	5.5
幻影鬼魅PLEASE.R300K.0.Record.HD	9.6
幻影鬼魅PLEASE.R300K.0.Record.IN	15.2
幻影鬼魅PLEASE.R300K.0.Record.AT	17.0
Schadenfreude.ZxNX.0.Record.EZ	4.5
Schadenfreude.ZxNX.0.Record.HD	10.6
Schadenfreude.ZxNX.0.Record.IN	15.1
Letempsperdu.Daison.0.Record.EZ	4.0
Letempsperdu.Daison.0.Record.HD	9.0
Letempsperdu.Daison.0.Record.IN	12.3
FixationsTowardtheStars.Foodbot.0.Record.EZ	3.5
FixationsTowardtheStars.Foodbot.0.Record.HD	10.9
FixationsTowardtheStars.Foodbot.0.Record.IN	14.5
valorstarcross.LundyvsWyvren.0.Record.EZ	6.5
valorstarcross.LundyvsWyvren.0.Record.HD	12.7
valorstarcross.LundyvsWyvren.0.Record.IN	15.8
CometFeat符白牙.CNHKSS.0.Record.EZ	3.0
CometFeat符白牙.CNHKSS.0.Record.HD	10.5
CometFeat符白牙.CNHKSS.0.Record.IN	13.7
白と黒のバケモノ.テヅカ.0.Record.EZ	4.0
白と黒のバケモノ.テヅカ.0.Record.HD	11.4
白と黒のバケモノ.テヅカ.0.Record.IN	15.9
Devotion.Connexio.0.Record.EZ	4.5
Devotion.Connexio.0.Record.HD	9.6
Devotion.Connexio.0.Record.IN	13.7
KirakiraNoelStory.RekuMochizuki.0.Record.EZ	4.0
KirakiraNoelStory.RekuMochizuki.0.Record.HD	10.2
KirakiraNoelStory.RekuMochizuki.0.Record.IN	14.2
Shelter.MeatyRabbitNceS.0.Record.EZ	3.5
Shelter.MeatyRabbitNceS.0.Record.HD	8.8
Shelter.MeatyRabbitNceS.0.Record.IN	13.2
蝎虎天体Lacertid.CreamvsDaily天利.0.Record.EZ	4.5
蝎虎天体Lacertid.CreamvsDaily天利.0.Record.HD	10.8
蝎虎天体Lacertid.CreamvsDaily天利.0.Record.IN	15.5
贝多芬祝福BeethovenBlessing.Nauts.0.Record.EZ	4.5
贝多芬祝福BeethovenBlessing.Nauts.0.Record.HD	10.3
贝多芬祝福BeethovenBlessing.Nauts.0.Record.IN	15.0
インマイマインド.レシオP.0.Record.EZ	1.5
インマイマインド.レシオP.0.Record.HD	9.2
インマイマインド.レシオP.0.Record.IN	12.5
ニライカナイNiraicA_naiMix.roopfromSTR.0.Record.EZ	3.0
ニライカナイNiraicA_naiMix.roopfromSTR.0.Record.HD	8.3
ニライカナイNiraicA_naiMix.roopfromSTR.0.Record.IN	13.5
SwingSkipDrop.ミハイル.0.Record.EZ	4.5
SwingSkipDrop.ミハイル.0.Record.HD	9.1
SwingSkipDrop.ミハイル.0.Record.IN	15.5
宇宙残骸少女CosmicDustyGirl.辻原一郎.0.Record.EZ	6.0
宇宙残骸少女CosmicDustyGirl.辻原一郎.0.Record.HD	10.2
宇宙残骸少女CosmicDustyGirl.辻原一郎.0.Record.IN	13.7
Resolver.Gomadare.0.Record.EZ	3.0
Resolver.Gomadare.0.Record.HD	8.4
Resolver.Gomadare.0.Record.IN	14.4
LuminousEntitiesLostHeart.NormalMfeatUsagiDenki.0.Record.EZ	5.0
LuminousEntitiesLostHeart.NormalMfeatUsagiDenki.0.Record.HD	10.7
LuminousEntitiesLostHeart.NormalMfeatUsagiDenki.0.Record.IN	15.2
KIZUNAResolution.TAG.0.Record.EZ	8.0
KIZUNAResolution.TAG.0.Record.HD	13.4
KIZUNAResolution.TAG.0.Record.IN	16.4
AbsoluTedisoRdeR.AcuteDisarray.0.Record.EZ	6.5
AbsoluTedisoRdeR.AcuteDisarray.0.Record.HD	12.4
AbsoluTedisoRdeR.AcuteDisarray.0.Record.IN	16.3
AbsoluTedisoRdeR.AcuteDisarray.0.Record.AT	17.2
AphroditesChildshortver.RUQOA.0.Record.EZ	3.5
AphroditesChildshortver.RUQOA.0.Record.HD	8.1
AphroditesChildshortver.RUQOA.0.Record.IN	13.3
DevIAtiOnshortver.polysha.0.Record.EZ	5.0
DevIAtiOnshortver.polysha.0.Record.HD	11.1
DevIAtiOnshortver.polysha.0.Record.IN	15.8
NOx.Juggernaut.0.Record.EZ	4.5
NOx.Juggernaut.0.Record.HD	10.1
NOx.Juggernaut.0.Record.IN	16.1
Aliceinaxxxxxxxx.Nagiha.0.Record.EZ	5.0
Aliceinaxxxxxxxx.Nagiha.0.Record.HD	9.5
Aliceinaxxxxxxxx.Nagiha.0.Record.IN	15.8
Radiance.Nhato.0.Record.EZ	3.5
Radiance.Nhato.0.Record.HD	11.9
Radiance.Nhato.0.Record.IN	14.1
Radiance.Nhato.0.Record.AT	15.6
DiamondDust.MasahiroGodspeedAoki.0.Record.EZ	5.0
DiamondDust.MasahiroGodspeedAoki.0.Record.HD	10.8
DiamondDust.MasahiroGodspeedAoki.0.Record.IN	15.3
DiamondDust.MasahiroGodspeedAoki.0.Record.AT	16.7
StardustRAY.kanonevsBlackY.0.Record.EZ	6.0
StardustRAY.kanonevsBlackY.0.Record.HD	12.3
StardustRAY.kanonevsBlackY.0.Record.IN	16.5
StardustRAY.kanonevsBlackY.0.Record.AT	17.2
FrozenHeart.A39沙包P.0.Record.EZ	5.0
FrozenHeart.A39沙包P.0.Record.HD	10.6
FrozenHeart.A39沙包P.0.Record.IN	14.6
Helios.NOABotaNya.0.Record.EZ	5.5
Helios.NOABotaNya.0.Record.HD	9.1
Helios.NOABotaNya.0.Record.IN	14.2
FlutterEcho.Cansol.0.Record.EZ	3.5
FlutterEcho.Cansol.0.Record.HD	9.8
FlutterEcho.Cansol.0.Record.IN	14.9
Rebirth.ああああ.0.Record.EZ	6.0
Rebirth.ああああ.0.Record.HD	12.0
Rebirth.ああああ.0.Record.IN	15.4
AvataarReincarnationofKalpa.ScarletteakaCrYmson.0.Record.EZ	2.0
AvataarReincarnationofKalpa.ScarletteakaCrYmson.0.Record.HD	8.2
AvataarReincarnationofKalpa.ScarletteakaCrYmson.0.Record.IN	13.2
AvataarReincarnationofKalpa.ScarletteakaCrYmson.0.Record.AT	16.6
雪降り雪が降っている.AiSSw夜輪ft結月ゆかり.0.Record.EZ	1.5
雪降り雪が降っている.AiSSw夜輪ft結月ゆかり.0.Record.HD	7.5
雪降り雪が降っている.AiSSw夜輪ft結月ゆかり.0.Record.IN	12.0
雪降り雪が降っている.AiSSw夜輪ft結月ゆかり.0.Record.AT	14.0
RetributionCycleofRedemption.ArdolfvsDaily天利.0.Record.EZ	6.0
RetributionCycleofRedemption.ArdolfvsDaily天利.0.Record.HD	11.3
RetributionCycleofRedemption.ArdolfvsDaily天利.0.Record.IN	16.2
アンビバレンス.すりぃ相沢.0.Record.EZ	3.5
アンビバレンス.すりぃ相沢.0.Record.HD	8.7
アンビバレンス.すりぃ相沢.0.Record.IN	14.2
Komplexe.雄之助featSennzai.0.Record.EZ	4.0
Komplexe.雄之助featSennzai.0.Record.HD	9.6
Komplexe.雄之助featSennzai.0.Record.IN	14.3
slips.rintarosoma.0.Record.EZ	7.5
slips.rintarosoma.0.Record.HD	12.8
slips.rintarosoma.0.Record.IN	16.0
slips.rintarosoma.0.Record.AT	16.8
QZKagoRequiem.tpazolite.0.Record.EZ	7.0
QZKagoRequiem.tpazolite.0.Record.HD	13.3
QZKagoRequiem.tpazolite.0.Record.IN	16.3
QZKagoRequiem.tpazolite.0.Record.AT	17.4
SolaggyfeatUzumaki.ShrimpCatsはぁち後藤涼輔.0.Record.EZ	5.0
SolaggyfeatUzumaki.ShrimpCatsはぁち後藤涼輔.0.Record.HD	9.5
SolaggyfeatUzumaki.ShrimpCatsはぁち後藤涼輔.0.Record.IN	14.6
000AinSophAur.Yumeji.0.Record.EZ	2.5
000AinSophAur.Yumeji.0.Record.HD	8.4
000AinSophAur.Yumeji.0.Record.IN	14.4
Xepion.Acotto.0.Record.EZ	2.5
Xepion.Acotto.0.Record.HD	9.8
Xepion.Acotto.0.Record.IN	14.8
Archidoxen.Se_IRA.0.Record.EZ	4.0
Archidoxen.Se_IRA.0.Record.HD	10.0
Archidoxen.Se_IRA.0.Record.IN	15.6
Archidoxen.Se_IRA.0.Record.AT	16.9
百鬼夜行.SaladSavior.0.Record.EZ	4.5
百鬼夜行.SaladSavior.0.Record.HD	10.1
百鬼夜行.SaladSavior.0.Record.IN	15.8
BANGINGSTRIKE.DewPleiades.0.Record.EZ	5.0
BANGINGSTRIKE.DewPleiades.0.Record.HD	10.2
BANGINGSTRIKE.DewPleiades.0.Record.IN	15.9
BANGINGSTRIKE.DewPleiades.0.Record.AT	16.8
TheWholeRest.KIVΛ.0.Record.EZ	5.0
TheWholeRest.KIVΛ.0.Record.HD	9.9
TheWholeRest.KIVΛ.0.Record.IN	13.6
Cristalisia.onoken.0.Record.EZ	4.0
Cristalisia.onoken.0.Record.HD	10.4
Cristalisia.onoken.0.Record.IN	14.4
Hydra.JamesLandinoXAkiraComplex.0.Record.EZ	6.0
Hydra.JamesLandinoXAkiraComplex.0.Record.HD	11.6
Hydra.JamesLandinoXAkiraComplex.0.Record.IN	15.4
Hydra.JamesLandinoXAkiraComplex.0.Record.AT	17.1
最高傑作.PYKAMIA.0.Record.EZ	4.5
最高傑作.PYKAMIA.0.Record.HD	9.3
最高傑作.PYKAMIA.0.Record.IN	13.9
Locomotive.K.0.Record.EZ	4.0
Locomotive.K.0.Record.HD	9.7
Locomotive.K.0.Record.IN	13.5
Alb.Avans.0.Record.EZ	3.5
Alb.Avans.0.Record.HD	8.9
Alb.Avans.0.Record.IN	14.7
Incyde.YbeLL.0.Record.EZ	7.0
Incyde.YbeLL.0.Record.HD	12.1
Incyde.YbeLL.0.Record.IN	16.2
彩.MisoilePunch.0.Record.EZ	6.0
彩.MisoilePunch.0.Record.HD	12.5
彩.MisoilePunch.0.Record.IN	16.4
彼方へ名もなき海辺より.打打だいず&月乃.0.Record.EZ	3.5
彼方へ名もなき海辺より.打打だいず&月乃.0.Record.HD	8.1
彼方へ名もなき海辺より.打打だいず&月乃.0.Record.IN	14.5
ABYSSMOTION192333.ariiolTSAR奏Sou.0.Record.EZ	4.0
ABYSSMOTION192333.ariiolTSAR奏Sou.0.Record.HD	9.7
ABYSSMOTION192333.ariiolTSAR奏Sou.0.Record.IN	14.7
Xenophobia.XinG.0.Record.EZ	6.5
Xenophobia.XinG.0.Record.HD	12.6
Xenophobia.XinG.0.Record.IN	14.9
Verruckt.Raimukun.0.Record.EZ	7.0
Verruckt.Raimukun.0.Record.HD	12.7
Verruckt.Raimukun.0.Record.IN	16.5
AfterZABANIYAMUGEdit.Daily天利.0.Record.EZ	5.0
AfterZABANIYAMUGEdit.Daily天利.0.Record.HD	10.6
AfterZABANIYAMUGEdit.Daily天利.0.Record.IN	15.8
下一秒.BobHouSherlock卓智媛feat兰音Reine.0.Record.EZ	4.0
下一秒.BobHouSherlock卓智媛feat兰音Reine.0.Record.HD	8.5
下一秒.BobHouSherlock卓智媛feat兰音Reine.0.Record.IN	13.6
玩具狂奏曲終焉.きくお.0.Record.EZ	8.4
玩具狂奏曲終焉.きくお.0.Record.HD	13.1
玩具狂奏曲終焉.きくお.0.Record.IN	16.0
玩具狂奏曲終焉.きくお.0.Record.AT	17.0
SnowDance.悠叶いのり.0.Record.EZ	4.0
SnowDance.悠叶いのり.0.Record.HD	8.3
SnowDance.悠叶いのり.0.Record.IN	12.4
亂舞.NekockLK.0.Record.EZ	2.0
亂舞.NekockLK.0.Record.HD	7.5
亂舞.NekockLK.0.Record.IN	13.2
Cleyera.Riya.0.Record.EZ	5.0
Cleyera.Riya.0.Record.HD	11.0
Cleyera.Riya.0.Record.IN	15.4
70MinutesFighters.かたぎり.0.Record.EZ	7.5
70MinutesFighters.かたぎり.0.Record.HD	12.5
70MinutesFighters.かたぎり.0.Record.IN	16.5
GungnirFracture.Kryexe.0.Record.EZ	6.0
GungnirFracture.Kryexe.0.Record.HD	11.5
GungnirFracture.Kryexe.0.Record.IN	16.6
夢の降る日に.seatrus.0.Record.EZ	2.5
夢の降る日に.seatrus.0.Record.HD	9.8
夢の降る日に.seatrus.0.Record.IN	16.6
DerSchneid.Ωμεγα.0.Record.EZ	7.0
DerSchneid.Ωμεγα.0.Record.HD	12.0
DerSchneid.Ωμεγα.0.Record.IN	16.1
DerSchneid.Ωμεγα.0.Record.AT	17.5
星拂云锦featkoi.S9ryne.0.Record.EZ	4.0
星拂云锦featkoi.S9ryne.0.Record.HD	9.0
星拂云锦featkoi.S9ryne.0.Record.IN	15.5
NWAD.Knighthood.0.Record.EZ	5.5
NWAD.Knighthood.0.Record.HD	9.2
NWAD.Knighthood.0.Record.IN	15.6
DevastatingHistory.NAMV.0.Record.EZ	6.0
DevastatingHistory.NAMV.0.Record.HD	11.8
DevastatingHistory.NAMV.0.Record.IN	15.5
Cryogenic.CamelliaftPetraGurin.0.Record.EZ	5.0
Cryogenic.CamelliaftPetraGurin.0.Record.HD	11.8
Cryogenic.CamelliaftPetraGurin.0.Record.IN	15.1
Poseidon.1112vsStar.0.Record.EZ	6.0
Poseidon.1112vsStar.0.Record.HD	8.8
Poseidon.1112vsStar.0.Record.IN	12.8
Poseidon.1112vsStar.0.Record.AT	16.2
WATER.A39沙包P.0.Record.EZ	4.5
WATER.A39沙包P.0.Record.HD	9.5
WATER.A39沙包P.0.Record.IN	13.6
MiracleForestVIPMix.Rinthlive.0.Record.EZ	3.0
MiracleForestVIPMix.Rinthlive.0.Record.HD	7.5
MiracleForestVIPMix.Rinthlive.0.Record.IN	13.1
MOBILYS.Dachs.0.Record.EZ	5.5
MOBILYS.Dachs.0.Record.HD	9.3
MOBILYS.Dachs.0.Record.IN	14.3
Lyrith迷宮リリス.ユメミド.0.Record.EZ	5.0
Lyrith迷宮リリス.ユメミド.0.Record.HD	11.1
Lyrith迷宮リリス.ユメミド.0.Record.IN	16.1
Lyrith迷宮リリス.ユメミド.0.Record.AT	16.5
Demiurge.Rabpit.0.Record.EZ	1.5
Demiurge.Rabpit.0.Record.HD	7.5
Demiurge.Rabpit.0.Record.IN	11.8
Demonkin.ForgedReigns.0.Record.EZ	4.5
Demonkin.ForgedReigns.0.Record.HD	9.2
Demonkin.ForgedReigns.0.Record.IN	13.8
Re_NascencePsystyleVer.Rinth_live.0.Record.EZ	5.5
Re_NascencePsystyleVer.Rinth_live.0.Record.HD	11.7
Re_NascencePsystyleVer.Rinth_live.0.Record.IN	14.4
Ark.kanoryo.0.Record.EZ	3.5
Ark.kanoryo.0.Record.HD	9.5
Ark.kanoryo.0.Record.IN	15.0
Ark.kanoryo.0.Record.AT	16.4
AfterDawn.S9ryne.0.Record.EZ	3.0
AfterDawn.S9ryne.0.Record.HD	10.4
AfterDawn.S9ryne.0.Record.IN	15.3
INFiNiTEENERZYOverdoze.RekuMochizuki.0.Record.EZ	6.5
INFiNiTEENERZYOverdoze.RekuMochizuki.0.Record.HD	12.3
INFiNiTEENERZYOverdoze.RekuMochizuki.0.Record.IN	14.8
INFiNiTEENERZYOverdoze.RekuMochizuki.0.Record.AT	16.9
Khalid.Dolphin.0.Record.EZ	4.0
Khalid.Dolphin.0.Record.HD	8.2
Khalid.Dolphin.0.Record.IN	13.0
QuantumHyperspace.D_AAN.0.Record.EZ	6.0
QuantumHyperspace.D_AAN.0.Record.HD	11.2
QuantumHyperspace.D_AAN.0.Record.IN	15.0
FreakyUndulationsNobleKnightsofTune.JehezukielKURORAK.0.Record.EZ	7.0
FreakyUndulationsNobleKnightsofTune.JehezukielKURORAK.0.Record.HD	10.9
FreakyUndulationsNobleKnightsofTune.JehezukielKURORAK.0.Record.IN	15.3
PANICPARADISE.DJSHIONY.0.Record.EZ	6.5
PANICPARADISE.DJSHIONY.0.Record.HD	11.5
PANICPARADISE.DJSHIONY.0.Record.IN	15.5
PANICPARADISE.DJSHIONY.0.Record.AT	16.6
ReEndofaDream.umavsモリモリあつし.0.Record.EZ	7.5
ReEndofaDream.umavsモリモリあつし.0.Record.HD	13.0
ReEndofaDream.umavsモリモリあつし.0.Record.IN	15.9
ReEndofaDream.umavsモリモリあつし.0.Record.AT	16.9
心の記憶.A39沙包P.0.Record.EZ	3.5
心の記憶.A39沙包P.0.Record.HD	9.1
心の記憶.A39沙包P.0.Record.IN	13.4
Spotlight.Ardolf.0.Record.EZ	4.5
Spotlight.Ardolf.0.Record.HD	9.9
Spotlight.Ardolf.0.Record.IN	14.4
NightTheater.わかどり.0.Record.EZ	4.0
NightTheater.わかどり.0.Record.HD	10.6
NightTheater.わかどり.0.Record.IN	14.3
Ramification.rareguyReina.0.Record.EZ	5.0
Ramification.rareguyReina.0.Record.HD	10.4
Ramification.rareguyReina.0.Record.IN	14.8
DerRichter.Ωμεγα.0.Record.EZ	5.5
DerRichter.Ωμεγα.0.Record.HD	11.4
DerRichter.Ωμεγα.0.Record.IN	15.6
DerRichter.Ωμεγα.0.Record.AT	16.9
ATHAZA.LeaF.0.Record.EZ	8.6
ATHAZA.LeaF.0.Record.HD	12.9
ATHAZA.LeaF.0.Record.IN	15.7
ATHAZA.LeaF.0.Record.AT	16.6
